<?xml version="1.0"?>
<?mso-application progid="Excel.Sheet"?>
<Workbook xmlns="urn:schemas-microsoft-com:office:spreadsheet"
 xmlns:o="urn:schemas-microsoft-com:office:office"
 xmlns:x="urn:schemas-microsoft-com:office:excel"
 xmlns:dt="uuid:C2F41010-65B3-11d1-A29F-00AA00C14882"
 xmlns:ss="urn:schemas-microsoft-com:office:spreadsheet"
 xmlns:html="http://www.w3.org/TR/REC-html40">
 <DocumentProperties xmlns="urn:schemas-microsoft-com:office:office">
  <Author>Ben Walsh</Author>
  <LastAuthor>X00176345 Mahnoor Atif</LastAuthor>
  <Created>2020-09-23T19:46:37Z</Created>
  <LastSaved>2023-10-10T07:46:52Z</LastSaved>
  <Version>16.00</Version>
 </DocumentProperties>
 <CustomDocumentProperties xmlns="urn:schemas-microsoft-com:office:office">
  <ContentTypeId dt:dt="string">0x010100140FA4533C3B4C42A8C33F494985686B</ContentTypeId>
 </CustomDocumentProperties>
 <OfficeDocumentSettings xmlns="urn:schemas-microsoft-com:office:office">
  <AllowPNG/>
 </OfficeDocumentSettings>
 <ExcelWorkbook xmlns="urn:schemas-microsoft-com:office:excel">
  <WindowHeight>10300</WindowHeight>
  <WindowWidth>19420</WindowWidth>
  <WindowTopX>32767</WindowTopX>
  <WindowTopY>32767</WindowTopY>
  <ActiveSheet>1</ActiveSheet>
  <ProtectStructure>False</ProtectStructure>
  <ProtectWindows>False</ProtectWindows>
 </ExcelWorkbook>
 <Styles>
  <Style ss:ID="Default" ss:Name="Normal">
   <Alignment ss:Vertical="Bottom"/>
   <Borders/>
   <Font ss:FontName="Calibri" x:Family="Swiss" ss:Size="11" ss:Color="#000000"/>
   <Interior/>
   <NumberFormat/>
   <Protection/>
  </Style>
  <Style ss:ID="s16">
   <Alignment ss:Horizontal="Left" ss:Vertical="Bottom"/>
  </Style>
  <Style ss:ID="s17">
   <Alignment ss:Horizontal="Left" ss:Vertical="Bottom"/>
   <Font ss:FontName="Calibri" x:Family="Swiss" ss:Size="11" ss:Color="#000000"
    ss:Bold="1"/>
  </Style>
  <Style ss:ID="s18">
   <Alignment ss:Horizontal="Left" ss:Vertical="Bottom"/>
   <NumberFormat ss:Format="Short Date"/>
  </Style>
 </Styles>
 <Worksheet ss:Name="Sales">
  <Table ss:ExpandedColumnCount="3" ss:ExpandedRowCount="10" x:FullColumns="1"
   x:FullRows="1" ss:StyleID="s16" ss:DefaultColumnWidth="50.5"
   ss:DefaultRowHeight="14.5">
   <Row>
    <Cell ss:StyleID="s17"><Data ss:Type="String">ID</Data></Cell>
    <Cell ss:StyleID="s17"><Data ss:Type="String">Name</Data></Cell>
    <Cell ss:StyleID="s17"><Data ss:Type="String">Sales</Data></Cell>
   </Row>
   <Row>
    <Cell><Data ss:Type="Number">1</Data></Cell>
    <Cell><Data ss:Type="String">Ben</Data></Cell>
    <Cell><Data ss:Type="Number">200</Data></Cell>
   </Row>
   <Row>
    <Cell><Data ss:Type="Number">1</Data></Cell>
    <Cell><Data ss:Type="String">Ben</Data></Cell>
    <Cell><Data ss:Type="Number">300</Data></Cell>
   </Row>
   <Row>
    <Cell><Data ss:Type="Number">1</Data></Cell>
    <Cell><Data ss:Type="String">Ben</Data></Cell>
    <Cell><Data ss:Type="Number">400</Data></Cell>
   </Row>
   <Row>
    <Cell><Data ss:Type="Number">2</Data></Cell>
    <Cell><Data ss:Type="String">Fiona</Data></Cell>
    <Cell><Data ss:Type="Number">400</Data></Cell>
   </Row>
   <Row>
    <Cell><Data ss:Type="Number">2</Data></Cell>
    <Cell><Data ss:Type="String">Fiona</Data></Cell>
    <Cell><Data ss:Type="Number">300</Data></Cell>
   </Row>
   <Row>
    <Cell><Data ss:Type="Number">3</Data></Cell>
    <Cell><Data ss:Type="String">Tom</Data></Cell>
    <Cell><Data ss:Type="Number">600</Data></Cell>
   </Row>
   <Row>
    <Cell><Data ss:Type="Number">3</Data></Cell>
    <Cell><Data ss:Type="String">Tom</Data></Cell>
    <Cell><Data ss:Type="Number">400</Data></Cell>
   </Row>
   <Row>
    <Cell><Data ss:Type="Number">3</Data></Cell>
    <Cell><Data ss:Type="String">Tom</Data></Cell>
    <Cell><Data ss:Type="Number">300</Data></Cell>
   </Row>
   <Row>
    <Cell><Data ss:Type="Number">3</Data></Cell>
    <Cell><Data ss:Type="String">Tom</Data></Cell>
    <Cell><Data ss:Type="Number">700</Data></Cell>
   </Row>
  </Table>
  <WorksheetOptions xmlns="urn:schemas-microsoft-com:office:excel">
   <PageSetup>
    <Header x:Margin="0.3"/>
    <Footer x:Margin="0.3"/>
    <PageMargins x:Bottom="0.75" x:Left="0.7" x:Right="0.7" x:Top="0.75"/>
   </PageSetup>
   <Print>
    <ValidPrinterInfo/>
    <PaperSizeIndex>9</PaperSizeIndex>
    <HorizontalResolution>600</HorizontalResolution>
    <VerticalResolution>600</VerticalResolution>
   </Print>
   <Panes>
    <Pane>
     <Number>3</Number>
     <RangeSelection>C1</RangeSelection>
    </Pane>
   </Panes>
   <ProtectObjects>False</ProtectObjects>
   <ProtectScenarios>False</ProtectScenarios>
  </WorksheetOptions>
 </Worksheet>
 <Worksheet ss:Name="Losses">
  <Table ss:ExpandedColumnCount="3" ss:ExpandedRowCount="10" x:FullColumns="1"
   x:FullRows="1" ss:DefaultRowHeight="14.5">
   <Row>
    <Cell ss:StyleID="s17"><Data ss:Type="String">ID</Data></Cell>
    <Cell ss:StyleID="s17"><Data ss:Type="String">Name</Data></Cell>
    <Cell ss:StyleID="s17"><Data ss:Type="String">Loss</Data></Cell>
   </Row>
   <Row>
    <Cell ss:StyleID="s16"><Data ss:Type="Number">1</Data></Cell>
    <Cell ss:StyleID="s16"><Data ss:Type="String">Ben</Data></Cell>
    <Cell ss:StyleID="s16"><Data ss:Type="Number">200</Data></Cell>
   </Row>
   <Row>
    <Cell ss:StyleID="s16"><Data ss:Type="Number">2</Data></Cell>
    <Cell ss:StyleID="s16"><Data ss:Type="String">Fiona</Data></Cell>
    <Cell ss:StyleID="s16"><Data ss:Type="Number">400</Data></Cell>
   </Row>
   <Row>
    <Cell ss:StyleID="s16"><Data ss:Type="Number">3</Data></Cell>
    <Cell ss:StyleID="s16"><Data ss:Type="String">Tom</Data></Cell>
    <Cell ss:StyleID="s16"><Data ss:Type="Number">600</Data></Cell>
   </Row>
   <Row ss:Index="8">
    <Cell ss:StyleID="s16"/>
    <Cell ss:StyleID="s16"/>
    <Cell ss:StyleID="s16"/>
   </Row>
   <Row>
    <Cell ss:StyleID="s16"/>
    <Cell ss:StyleID="s16"/>
    <Cell ss:StyleID="s16"/>
   </Row>
   <Row>
    <Cell ss:StyleID="s16"/>
    <Cell ss:StyleID="s16"/>
    <Cell ss:StyleID="s16"/>
   </Row>
  </Table>
  <WorksheetOptions xmlns="urn:schemas-microsoft-com:office:excel">
   <PageSetup>
    <Header x:Margin="0.3"/>
    <Footer x:Margin="0.3"/>
    <PageMargins x:Bottom="0.75" x:Left="0.7" x:Right="0.7" x:Top="0.75"/>
   </PageSetup>
   <Selected/>
   <ProtectObjects>False</ProtectObjects>
   <ProtectScenarios>False</ProtectScenarios>
  </WorksheetOptions>
 </Worksheet>
 <Worksheet ss:Name="Map">
  <Table ss:ExpandedColumnCount="4" ss:ExpandedRowCount="4" x:FullColumns="1"
   x:FullRows="1" ss:DefaultRowHeight="14.5">
   <Column ss:Index="3" ss:AutoFitWidth="0" ss:Width="70"/>
   <Row>
    <Cell ss:StyleID="s17"><Data ss:Type="String">ID</Data></Cell>
    <Cell ss:StyleID="s17"><Data ss:Type="String">Name</Data></Cell>
    <Cell ss:StyleID="s17"><Data ss:Type="String">YTD Sales</Data></Cell>
    <Cell ss:StyleID="s17"><Data ss:Type="String">County</Data></Cell>
   </Row>
   <Row>
    <Cell ss:StyleID="s16"><Data ss:Type="Number">1</Data></Cell>
    <Cell ss:StyleID="s16"><Data ss:Type="String">Ben</Data></Cell>
    <Cell ss:StyleID="s16"><Data ss:Type="Number">4000</Data></Cell>
    <Cell><Data ss:Type="String">Dublin</Data></Cell>
   </Row>
   <Row>
    <Cell ss:StyleID="s16"><Data ss:Type="Number">2</Data></Cell>
    <Cell ss:StyleID="s16"><Data ss:Type="String">Fiona</Data></Cell>
    <Cell ss:StyleID="s16"><Data ss:Type="Number">5000</Data></Cell>
    <Cell><Data ss:Type="String">Galway</Data></Cell>
   </Row>
   <Row>
    <Cell ss:StyleID="s16"><Data ss:Type="Number">3</Data></Cell>
    <Cell ss:StyleID="s16"><Data ss:Type="String">Tom</Data></Cell>
    <Cell ss:StyleID="s16"><Data ss:Type="Number">6000</Data></Cell>
    <Cell><Data ss:Type="String">Cork</Data></Cell>
   </Row>
  </Table>
  <WorksheetOptions xmlns="urn:schemas-microsoft-com:office:excel">
   <PageSetup>
    <Header x:Margin="0.3"/>
    <Footer x:Margin="0.3"/>
    <PageMargins x:Bottom="0.75" x:Left="0.7" x:Right="0.7" x:Top="0.75"/>
   </PageSetup>
   <Panes>
    <Pane>
     <Number>3</Number>
     <ActiveRow>4</ActiveRow>
     <ActiveCol>3</ActiveCol>
    </Pane>
   </Panes>
   <ProtectObjects>False</ProtectObjects>
   <ProtectScenarios>False</ProtectScenarios>
  </WorksheetOptions>
 </Worksheet>
 <Worksheet ss:Name="Time">
  <Table ss:ExpandedColumnCount="16" ss:ExpandedRowCount="4" x:FullColumns="1"
   x:FullRows="1" ss:DefaultRowHeight="14.5">
   <Row>
    <Cell ss:StyleID="s17"><Data ss:Type="String">ID</Data></Cell>
    <Cell ss:StyleID="s17"><Data ss:Type="String">Name</Data></Cell>
    <Cell ss:StyleID="s17"><Data ss:Type="String">Jan</Data></Cell>
    <Cell ss:StyleID="s17"><Data ss:Type="String">Feb</Data></Cell>
    <Cell ss:StyleID="s17"><Data ss:Type="String">Mar</Data></Cell>
    <Cell ss:StyleID="s17"><Data ss:Type="String">Apr</Data></Cell>
    <Cell ss:StyleID="s17"><Data ss:Type="String">May</Data></Cell>
    <Cell ss:StyleID="s17"><Data ss:Type="String">Jun</Data></Cell>
    <Cell ss:StyleID="s17"><Data ss:Type="String">Jul</Data></Cell>
    <Cell ss:StyleID="s17"><Data ss:Type="String">Aug</Data></Cell>
    <Cell ss:StyleID="s17"><Data ss:Type="String">Sep</Data></Cell>
    <Cell ss:StyleID="s17"><Data ss:Type="String">Oct</Data></Cell>
    <Cell ss:StyleID="s17"><Data ss:Type="String">Nov</Data></Cell>
    <Cell ss:StyleID="s17"><Data ss:Type="String">Dec</Data></Cell>
    <Cell ss:StyleID="s17"/>
    <Cell ss:StyleID="s17"/>
   </Row>
   <Row>
    <Cell ss:StyleID="s16"><Data ss:Type="Number">1</Data></Cell>
    <Cell ss:StyleID="s16"><Data ss:Type="String">Ben</Data></Cell>
    <Cell ss:StyleID="s16"><Data ss:Type="Number">100</Data></Cell>
    <Cell ss:StyleID="s16"><Data ss:Type="Number">200</Data></Cell>
    <Cell ss:StyleID="s16"><Data ss:Type="Number">300</Data></Cell>
    <Cell ss:StyleID="s16"><Data ss:Type="Number">400</Data></Cell>
    <Cell ss:StyleID="s16"><Data ss:Type="Number">500</Data></Cell>
    <Cell ss:StyleID="s16"><Data ss:Type="Number">600</Data></Cell>
    <Cell ss:StyleID="s16"><Data ss:Type="Number">700</Data></Cell>
    <Cell ss:StyleID="s16"><Data ss:Type="Number">800</Data></Cell>
    <Cell ss:StyleID="s16"><Data ss:Type="Number">900</Data></Cell>
    <Cell ss:StyleID="s16"><Data ss:Type="Number">1000</Data></Cell>
    <Cell ss:StyleID="s16"><Data ss:Type="Number">1100</Data></Cell>
    <Cell ss:StyleID="s16"><Data ss:Type="Number">1200</Data></Cell>
   </Row>
   <Row>
    <Cell ss:StyleID="s16"><Data ss:Type="Number">2</Data></Cell>
    <Cell ss:StyleID="s16"><Data ss:Type="String">Fiona</Data></Cell>
    <Cell ss:StyleID="s16"><Data ss:Type="Number">2000</Data></Cell>
    <Cell ss:StyleID="s16"><Data ss:Type="Number">1900</Data></Cell>
    <Cell ss:StyleID="s16"><Data ss:Type="Number">1800</Data></Cell>
    <Cell ss:StyleID="s16"><Data ss:Type="Number">1700</Data></Cell>
    <Cell ss:StyleID="s16"><Data ss:Type="Number">1600</Data></Cell>
    <Cell ss:StyleID="s16"><Data ss:Type="Number">1500</Data></Cell>
    <Cell ss:StyleID="s16"><Data ss:Type="Number">1400</Data></Cell>
    <Cell ss:StyleID="s16"><Data ss:Type="Number">1300</Data></Cell>
    <Cell ss:StyleID="s16"><Data ss:Type="Number">1200</Data></Cell>
    <Cell ss:StyleID="s16"><Data ss:Type="Number">1100</Data></Cell>
    <Cell ss:StyleID="s16"><Data ss:Type="Number">1000</Data></Cell>
    <Cell ss:StyleID="s16"><Data ss:Type="Number">900</Data></Cell>
   </Row>
   <Row>
    <Cell ss:StyleID="s16"><Data ss:Type="Number">3</Data></Cell>
    <Cell ss:StyleID="s16"><Data ss:Type="String">Tom</Data></Cell>
    <Cell ss:StyleID="s16"><Data ss:Type="Number">1000</Data></Cell>
    <Cell ss:StyleID="s16"><Data ss:Type="Number">1100</Data></Cell>
    <Cell ss:StyleID="s16"><Data ss:Type="Number">1200</Data></Cell>
    <Cell ss:StyleID="s16"><Data ss:Type="Number">1300</Data></Cell>
    <Cell ss:StyleID="s16"><Data ss:Type="Number">1400</Data></Cell>
    <Cell ss:StyleID="s16"><Data ss:Type="Number">1500</Data></Cell>
    <Cell ss:StyleID="s16"><Data ss:Type="Number">1600</Data></Cell>
    <Cell ss:StyleID="s16"><Data ss:Type="Number">1500</Data></Cell>
    <Cell ss:StyleID="s16"><Data ss:Type="Number">1400</Data></Cell>
    <Cell ss:StyleID="s16"><Data ss:Type="Number">1300</Data></Cell>
    <Cell ss:StyleID="s16"><Data ss:Type="Number">1200</Data></Cell>
    <Cell ss:StyleID="s16"><Data ss:Type="Number">1100</Data></Cell>
   </Row>
  </Table>
  <WorksheetOptions xmlns="urn:schemas-microsoft-com:office:excel">
   <PageSetup>
    <Header x:Margin="0.3"/>
    <Footer x:Margin="0.3"/>
    <PageMargins x:Bottom="0.75" x:Left="0.7" x:Right="0.7" x:Top="0.75"/>
   </PageSetup>
   <Panes>
    <Pane>
     <Number>3</Number>
     <ActiveRow>22</ActiveRow>
     <ActiveCol>4</ActiveCol>
    </Pane>
   </Panes>
   <ProtectObjects>False</ProtectObjects>
   <ProtectScenarios>False</ProtectScenarios>
  </WorksheetOptions>
 </Worksheet>
 <Worksheet ss:Name="Time (2)">
  <Table ss:ExpandedColumnCount="16" ss:ExpandedRowCount="19" x:FullColumns="1"
   x:FullRows="1" ss:DefaultRowHeight="14.5">
   <Column ss:Index="4" ss:Width="59"/>
   <Row>
    <Cell ss:StyleID="s17"><Data ss:Type="String">ID</Data></Cell>
    <Cell ss:StyleID="s17"><Data ss:Type="String">Name</Data></Cell>
    <Cell ss:StyleID="s17"><Data ss:Type="String">Sales</Data></Cell>
    <Cell ss:StyleID="s17"><Data ss:Type="String">Date</Data></Cell>
    <Cell ss:StyleID="s17"/>
    <Cell ss:StyleID="s17"/>
    <Cell ss:StyleID="s17"/>
    <Cell ss:StyleID="s17"/>
    <Cell ss:StyleID="s17"/>
    <Cell ss:StyleID="s17"/>
    <Cell ss:StyleID="s17"/>
    <Cell ss:StyleID="s17"/>
    <Cell ss:StyleID="s17"/>
    <Cell ss:StyleID="s17"/>
    <Cell ss:StyleID="s17"/>
    <Cell ss:StyleID="s17"/>
   </Row>
   <Row>
    <Cell ss:StyleID="s16"><Data ss:Type="Number">1</Data></Cell>
    <Cell ss:StyleID="s16"><Data ss:Type="String">Ben</Data></Cell>
    <Cell ss:StyleID="s16"><Data ss:Type="Number">100</Data></Cell>
    <Cell ss:StyleID="s18"><Data ss:Type="DateTime">2020-01-01T00:00:00.000</Data></Cell>
    <Cell ss:StyleID="s16"/>
    <Cell ss:StyleID="s16"/>
    <Cell ss:StyleID="s16"/>
    <Cell ss:StyleID="s16"/>
    <Cell ss:StyleID="s16"/>
    <Cell ss:StyleID="s16"/>
    <Cell ss:StyleID="s16"/>
    <Cell ss:StyleID="s16"/>
    <Cell ss:StyleID="s16"/>
    <Cell ss:StyleID="s16"/>
   </Row>
   <Row>
    <Cell ss:StyleID="s16"><Data ss:Type="Number">1</Data></Cell>
    <Cell ss:StyleID="s16"><Data ss:Type="String">Ben</Data></Cell>
    <Cell ss:StyleID="s16"><Data ss:Type="Number">200</Data></Cell>
    <Cell ss:StyleID="s18"><Data ss:Type="DateTime">2020-02-01T00:00:00.000</Data></Cell>
    <Cell ss:StyleID="s16"/>
    <Cell ss:StyleID="s16"/>
    <Cell ss:StyleID="s16"/>
    <Cell ss:StyleID="s16"/>
    <Cell ss:StyleID="s16"/>
    <Cell ss:StyleID="s16"/>
    <Cell ss:StyleID="s16"/>
    <Cell ss:StyleID="s16"/>
    <Cell ss:StyleID="s16"/>
    <Cell ss:StyleID="s16"/>
   </Row>
   <Row>
    <Cell ss:StyleID="s16"><Data ss:Type="Number">1</Data></Cell>
    <Cell ss:StyleID="s16"><Data ss:Type="String">Ben</Data></Cell>
    <Cell ss:StyleID="s16"><Data ss:Type="Number">300</Data></Cell>
    <Cell ss:StyleID="s18"><Data ss:Type="DateTime">2020-03-01T00:00:00.000</Data></Cell>
    <Cell ss:StyleID="s16"/>
    <Cell ss:StyleID="s16"/>
    <Cell ss:StyleID="s16"/>
    <Cell ss:StyleID="s16"/>
    <Cell ss:StyleID="s16"/>
    <Cell ss:StyleID="s16"/>
    <Cell ss:StyleID="s16"/>
    <Cell ss:StyleID="s16"/>
    <Cell ss:StyleID="s16"/>
    <Cell ss:StyleID="s16"/>
   </Row>
   <Row>
    <Cell ss:StyleID="s16"><Data ss:Type="Number">1</Data></Cell>
    <Cell ss:StyleID="s16"><Data ss:Type="String">Ben</Data></Cell>
    <Cell ss:StyleID="s16"><Data ss:Type="Number">400</Data></Cell>
    <Cell ss:StyleID="s18"><Data ss:Type="DateTime">2020-04-01T00:00:00.000</Data></Cell>
    <Cell ss:Index="7" ss:StyleID="s16"/>
    <Cell ss:StyleID="s16"/>
    <Cell ss:StyleID="s16"/>
    <Cell ss:StyleID="s16"/>
   </Row>
   <Row>
    <Cell ss:StyleID="s16"><Data ss:Type="Number">1</Data></Cell>
    <Cell ss:StyleID="s16"><Data ss:Type="String">Ben</Data></Cell>
    <Cell ss:StyleID="s16"><Data ss:Type="Number">500</Data></Cell>
    <Cell ss:StyleID="s18"><Data ss:Type="DateTime">2020-05-01T00:00:00.000</Data></Cell>
    <Cell ss:Index="9" ss:StyleID="s16"/>
    <Cell ss:StyleID="s16"/>
   </Row>
   <Row>
    <Cell ss:StyleID="s16"><Data ss:Type="Number">1</Data></Cell>
    <Cell ss:StyleID="s16"><Data ss:Type="String">Ben</Data></Cell>
    <Cell ss:StyleID="s16"><Data ss:Type="Number">400</Data></Cell>
    <Cell ss:StyleID="s18"><Data ss:Type="DateTime">2020-06-01T00:00:00.000</Data></Cell>
   </Row>
   <Row>
    <Cell ss:StyleID="s16"><Data ss:Type="Number">2</Data></Cell>
    <Cell ss:StyleID="s16"><Data ss:Type="String">Fiona</Data></Cell>
    <Cell ss:StyleID="s16"><Data ss:Type="Number">400</Data></Cell>
    <Cell ss:StyleID="s18"><Data ss:Type="DateTime">2020-01-01T00:00:00.000</Data></Cell>
   </Row>
   <Row>
    <Cell ss:StyleID="s16"><Data ss:Type="Number">2</Data></Cell>
    <Cell ss:StyleID="s16"><Data ss:Type="String">Fiona</Data></Cell>
    <Cell ss:StyleID="s16"><Data ss:Type="Number">500</Data></Cell>
    <Cell ss:StyleID="s18"><Data ss:Type="DateTime">2020-02-01T00:00:00.000</Data></Cell>
   </Row>
   <Row>
    <Cell ss:StyleID="s16"><Data ss:Type="Number">2</Data></Cell>
    <Cell ss:StyleID="s16"><Data ss:Type="String">Fiona</Data></Cell>
    <Cell ss:StyleID="s16"><Data ss:Type="Number">600</Data></Cell>
    <Cell ss:StyleID="s18"><Data ss:Type="DateTime">2020-03-01T00:00:00.000</Data></Cell>
   </Row>
   <Row>
    <Cell ss:StyleID="s16"><Data ss:Type="Number">2</Data></Cell>
    <Cell ss:StyleID="s16"><Data ss:Type="String">Fiona</Data></Cell>
    <Cell ss:StyleID="s16"><Data ss:Type="Number">400</Data></Cell>
    <Cell ss:StyleID="s18"><Data ss:Type="DateTime">2020-04-01T00:00:00.000</Data></Cell>
   </Row>
   <Row>
    <Cell ss:StyleID="s16"><Data ss:Type="Number">2</Data></Cell>
    <Cell ss:StyleID="s16"><Data ss:Type="String">Fiona</Data></Cell>
    <Cell ss:StyleID="s16"><Data ss:Type="Number">300</Data></Cell>
    <Cell ss:StyleID="s18"><Data ss:Type="DateTime">2020-05-01T00:00:00.000</Data></Cell>
   </Row>
   <Row>
    <Cell ss:StyleID="s16"><Data ss:Type="Number">2</Data></Cell>
    <Cell ss:StyleID="s16"><Data ss:Type="String">Fiona</Data></Cell>
    <Cell ss:StyleID="s16"><Data ss:Type="Number">300</Data></Cell>
    <Cell ss:StyleID="s18"><Data ss:Type="DateTime">2020-06-01T00:00:00.000</Data></Cell>
   </Row>
   <Row>
    <Cell ss:StyleID="s16"><Data ss:Type="Number">3</Data></Cell>
    <Cell ss:StyleID="s16"><Data ss:Type="String">Tom</Data></Cell>
    <Cell ss:StyleID="s16"><Data ss:Type="Number">800</Data></Cell>
    <Cell ss:StyleID="s18"><Data ss:Type="DateTime">2020-01-01T00:00:00.000</Data></Cell>
   </Row>
   <Row>
    <Cell ss:StyleID="s16"><Data ss:Type="Number">3</Data></Cell>
    <Cell ss:StyleID="s16"><Data ss:Type="String">Tom</Data></Cell>
    <Cell ss:StyleID="s16"><Data ss:Type="Number">600</Data></Cell>
    <Cell ss:StyleID="s18"><Data ss:Type="DateTime">2020-02-01T00:00:00.000</Data></Cell>
   </Row>
   <Row>
    <Cell ss:StyleID="s16"><Data ss:Type="Number">3</Data></Cell>
    <Cell ss:StyleID="s16"><Data ss:Type="String">Tom</Data></Cell>
    <Cell ss:StyleID="s16"><Data ss:Type="Number">400</Data></Cell>
    <Cell ss:StyleID="s18"><Data ss:Type="DateTime">2020-03-01T00:00:00.000</Data></Cell>
   </Row>
   <Row>
    <Cell ss:StyleID="s16"><Data ss:Type="Number">3</Data></Cell>
    <Cell ss:StyleID="s16"><Data ss:Type="String">Tom</Data></Cell>
    <Cell ss:StyleID="s16"><Data ss:Type="Number">600</Data></Cell>
    <Cell ss:StyleID="s18"><Data ss:Type="DateTime">2020-04-01T00:00:00.000</Data></Cell>
   </Row>
   <Row>
    <Cell ss:StyleID="s16"><Data ss:Type="Number">3</Data></Cell>
    <Cell ss:StyleID="s16"><Data ss:Type="String">Tom</Data></Cell>
    <Cell ss:StyleID="s16"><Data ss:Type="Number">800</Data></Cell>
    <Cell ss:StyleID="s18"><Data ss:Type="DateTime">2020-05-01T00:00:00.000</Data></Cell>
   </Row>
   <Row>
    <Cell ss:StyleID="s16"><Data ss:Type="Number">3</Data></Cell>
    <Cell ss:StyleID="s16"><Data ss:Type="String">Tom</Data></Cell>
    <Cell ss:StyleID="s16"><Data ss:Type="Number">600</Data></Cell>
    <Cell ss:StyleID="s18"><Data ss:Type="DateTime">2020-06-01T00:00:00.000</Data></Cell>
   </Row>
  </Table>
  <WorksheetOptions xmlns="urn:schemas-microsoft-com:office:excel">
   <PageSetup>
    <Header x:Margin="0.3"/>
    <Footer x:Margin="0.3"/>
    <PageMargins x:Bottom="0.75" x:Left="0.7" x:Right="0.7" x:Top="0.75"/>
   </PageSetup>
   <Panes>
    <Pane>
     <Number>3</Number>
     <ActiveRow>6</ActiveRow>
     <ActiveCol>8</ActiveCol>
    </Pane>
   </Panes>
   <ProtectObjects>False</ProtectObjects>
   <ProtectScenarios>False</ProtectScenarios>
  </WorksheetOptions>
 </Worksheet>
</Workbook>
