[
  {
    "﻿Timestamp": "27/10/2023 21:54",
    "Kindly Rate your Sleep Quality ðŸ˜´": "3",
    "How many times a week do you suffer headaches ðŸ¤•?": "1",
    "How would you rate you academic performance ðŸ‘©â€ðŸŽ“?": "3",
    "how would you rate your study load?": "4",
    "How many times a week you practice extracurricular activities ðŸŽ¾?": "2",
    "How would you rate your stress levels?": "3"
  },
  {
    "﻿Timestamp": "28/10/2023 12:24",
    "Kindly Rate your Sleep Quality ðŸ˜´": "4",
    "How many times a week do you suffer headaches ðŸ¤•?": "1",
    "How would you rate you academic performance ðŸ‘©â€ðŸŽ“?": "2",
    "how would you rate your study load?": "3",
    "How many times a week you practice extracurricular activities ðŸŽ¾?": "3",
    "How would you rate your stress levels?": "2"
  },
  {
    "﻿Timestamp": "28/10/2023 12:24",
    "Kindly Rate your Sleep Quality ðŸ˜´": "2",
    "How many times a week do you suffer headaches ðŸ¤•?": "1",
    "How would you rate you academic performance ðŸ‘©â€ðŸŽ“?": "2",
    "how would you rate your study load?": "1",
    "How many times a week you practice extracurricular activities ðŸŽ¾?": "4",
    "How would you rate your stress levels?": "4"
  },
  {
    "﻿Timestamp": "28/10/2023 12:26",
    "Kindly Rate your Sleep Quality ðŸ˜´": "3",
    "How many times a week do you suffer headaches ðŸ¤•?": "2",
    "How would you rate you academic performance ðŸ‘©â€ðŸŽ“?": "3",
    "how would you rate your study load?": "2",
    "How many times a week you practice extracurricular activities ðŸŽ¾?": "3",
    "How would you rate your stress levels?": "3"
  },
  {
    "﻿Timestamp": "28/10/2023 12:26",
    "Kindly Rate your Sleep Quality ðŸ˜´": "2",
    "How many times a week do you suffer headaches ðŸ¤•?": "3",
    "How would you rate you academic performance ðŸ‘©â€ðŸŽ“?": "1",
    "how would you rate your study load?": "5",
    "How many times a week you practice extracurricular activities ðŸŽ¾?": "5",
    "How would you rate your stress levels?": "3"
  },
  {
    "﻿Timestamp": "28/10/2023 12:31",
    "Kindly Rate your Sleep Quality ðŸ˜´": "3",
    "How many times a week do you suffer headaches ðŸ¤•?": "1",
    "How would you rate you academic performance ðŸ‘©â€ðŸŽ“?": "3",
    "how would you rate your study load?": "2",
    "How many times a week you practice extracurricular activities ðŸŽ¾?": "1",
    "How would you rate your stress levels?": "1"
  },
  {
    "﻿Timestamp": "28/10/2023 12:34",
    "Kindly Rate your Sleep Quality ðŸ˜´": "3",
    "How many times a week do you suffer headaches ðŸ¤•?": "5",
    "How would you rate you academic performance ðŸ‘©â€ðŸŽ“?": "1",
    "how would you rate your study load?": "4",
    "How many times a week you practice extracurricular activities ðŸŽ¾?": "3",
    "How would you rate your stress levels?": "5"
  },
  {
    "﻿Timestamp": "28/10/2023 12:35",
    "Kindly Rate your Sleep Quality ðŸ˜´": "4",
    "How many times a week do you suffer headaches ðŸ¤•?": "3",
    "How would you rate you academic performance ðŸ‘©â€ðŸŽ“?": "1",
    "how would you rate your study load?": "4",
    "How many times a week you practice extracurricular activities ðŸŽ¾?": "1",
    "How would you rate your stress levels?": "1"
  },
  {
    "﻿Timestamp": "28/10/2023 12:36",
    "Kindly Rate your Sleep Quality ðŸ˜´": "2",
    "How many times a week do you suffer headaches ðŸ¤•?": "1",
    "How would you rate you academic performance ðŸ‘©â€ðŸŽ“?": "4",
    "how would you rate your study load?": "4",
    "How many times a week you practice extracurricular activities ðŸŽ¾?": "5",
    "How would you rate your stress levels?": "1"
  },
  {
    "﻿Timestamp": "28/10/2023 12:36",
    "Kindly Rate your Sleep Quality ðŸ˜´": "1",
    "How many times a week do you suffer headaches ðŸ¤•?": "2",
    "How would you rate you academic performance ðŸ‘©â€ðŸŽ“?": "3",
    "how would you rate your study load?": "2",
    "How many times a week you practice extracurricular activities ðŸŽ¾?": "5",
    "How would you rate your stress levels?": "2"
  },
  {
    "﻿Timestamp": "28/10/2023 12:37",
    "Kindly Rate your Sleep Quality ðŸ˜´": "2",
    "How many times a week do you suffer headaches ðŸ¤•?": "3",
    "How would you rate you academic performance ðŸ‘©â€ðŸŽ“?": "5",
    "how would you rate your study load?": "5",
    "How many times a week you practice extracurricular activities ðŸŽ¾?": "2",
    "How would you rate your stress levels?": "4"
  },
  {
    "﻿Timestamp": "28/10/2023 12:38",
    "Kindly Rate your Sleep Quality ðŸ˜´": "3",
    "How many times a week do you suffer headaches ðŸ¤•?": "1",
    "How would you rate you academic performance ðŸ‘©â€ðŸŽ“?": "5",
    "how would you rate your study load?": "1",
    "How many times a week you practice extracurricular activities ðŸŽ¾?": "4",
    "How would you rate your stress levels?": "1"
  },
  {
    "﻿Timestamp": "28/10/2023 12:39",
    "Kindly Rate your Sleep Quality ðŸ˜´": "2",
    "How many times a week do you suffer headaches ðŸ¤•?": "3",
    "How would you rate you academic performance ðŸ‘©â€ðŸŽ“?": "3",
    "how would you rate your study load?": "4",
    "How many times a week you practice extracurricular activities ðŸŽ¾?": "4",
    "How would you rate your stress levels?": "3"
  },
  {
    "﻿Timestamp": "28/10/2023 12:40",
    "Kindly Rate your Sleep Quality ðŸ˜´": "4",
    "How many times a week do you suffer headaches ðŸ¤•?": "1",
    "How would you rate you academic performance ðŸ‘©â€ðŸŽ“?": "4",
    "how would you rate your study load?": "4",
    "How many times a week you practice extracurricular activities ðŸŽ¾?": "1",
    "How would you rate your stress levels?": "1"
  },
  {
    "﻿Timestamp": "28/10/2023 12:41",
    "Kindly Rate your Sleep Quality ðŸ˜´": "4",
    "How many times a week do you suffer headaches ðŸ¤•?": "1",
    "How would you rate you academic performance ðŸ‘©â€ðŸŽ“?": "3",
    "how would you rate your study load?": "2",
    "How many times a week you practice extracurricular activities ðŸŽ¾?": "5",
    "How would you rate your stress levels?": "2"
  },
  {
    "﻿Timestamp": "28/10/2023 12:41",
    "Kindly Rate your Sleep Quality ðŸ˜´": "2",
    "How many times a week do you suffer headaches ðŸ¤•?": "3",
    "How would you rate you academic performance ðŸ‘©â€ðŸŽ“?": "3",
    "how would you rate your study load?": "5",
    "How many times a week you practice extracurricular activities ðŸŽ¾?": "3",
    "How would you rate your stress levels?": "4"
  },
  {
    "﻿Timestamp": "28/10/2023 12:48",
    "Kindly Rate your Sleep Quality ðŸ˜´": "3",
    "How many times a week do you suffer headaches ðŸ¤•?": "1",
    "How would you rate you academic performance ðŸ‘©â€ðŸŽ“?": "3",
    "how would you rate your study load?": "3",
    "How many times a week you practice extracurricular activities ðŸŽ¾?": "3",
    "How would you rate your stress levels?": "4"
  },
  {
    "﻿Timestamp": "28/10/2023 13:26",
    "Kindly Rate your Sleep Quality ðŸ˜´": "1",
    "How many times a week do you suffer headaches ðŸ¤•?": "1",
    "How would you rate you academic performance ðŸ‘©â€ðŸŽ“?": "1",
    "how would you rate your study load?": "1",
    "How many times a week you practice extracurricular activities ðŸŽ¾?": "1",
    "How would you rate your stress levels?": "2"
  },
  {
    "﻿Timestamp": "28/10/2023 13:28",
    "Kindly Rate your Sleep Quality ðŸ˜´": "2",
    "How many times a week do you suffer headaches ðŸ¤•?": "1",
    "How would you rate you academic performance ðŸ‘©â€ðŸŽ“?": "3",
    "how would you rate your study load?": "1",
    "How many times a week you practice extracurricular activities ðŸŽ¾?": "2",
    "How would you rate your stress levels?": "3"
  },
  {
    "﻿Timestamp": "28/10/2023 13:29",
    "Kindly Rate your Sleep Quality ðŸ˜´": "2",
    "How many times a week do you suffer headaches ðŸ¤•?": "3",
    "How would you rate you academic performance ðŸ‘©â€ðŸŽ“?": "3",
    "how would you rate your study load?": "2",
    "How many times a week you practice extracurricular activities ðŸŽ¾?": "3",
    "How would you rate your stress levels?": "4"
  },
  {
    "﻿Timestamp": "28/10/2023 13:30",
    "Kindly Rate your Sleep Quality ðŸ˜´": "3",
    "How many times a week do you suffer headaches ðŸ¤•?": "4",
    "How would you rate you academic performance ðŸ‘©â€ðŸŽ“?": "2",
    "how would you rate your study load?": "2",
    "How many times a week you practice extracurricular activities ðŸŽ¾?": "1",
    "How would you rate your stress levels?": "2"
  },
  {
    "﻿Timestamp": "28/10/2023 13:32",
    "Kindly Rate your Sleep Quality ðŸ˜´": "3",
    "How many times a week do you suffer headaches ðŸ¤•?": "3",
    "How would you rate you academic performance ðŸ‘©â€ðŸŽ“?": "4",
    "how would you rate your study load?": "4",
    "How many times a week you practice extracurricular activities ðŸŽ¾?": "3",
    "How would you rate your stress levels?": "3"
  },
  {
    "﻿Timestamp": "28/10/2023 13:33",
    "Kindly Rate your Sleep Quality ðŸ˜´": "2",
    "How many times a week do you suffer headaches ðŸ¤•?": "1",
    "How would you rate you academic performance ðŸ‘©â€ðŸŽ“?": "2",
    "how would you rate your study load?": "3",
    "How many times a week you practice extracurricular activities ðŸŽ¾?": "2",
    "How would you rate your stress levels?": "2"
  },
  {
    "﻿Timestamp": "28/10/2023 13:33",
    "Kindly Rate your Sleep Quality ðŸ˜´": "3",
    "How many times a week do you suffer headaches ðŸ¤•?": "1",
    "How would you rate you academic performance ðŸ‘©â€ðŸŽ“?": "4",
    "how would you rate your study load?": "4",
    "How many times a week you practice extracurricular activities ðŸŽ¾?": "2",
    "How would you rate your stress levels?": "3"
  },
  {
    "﻿Timestamp": "28/10/2023 13:41",
    "Kindly Rate your Sleep Quality ðŸ˜´": "5",
    "How many times a week do you suffer headaches ðŸ¤•?": "1",
    "How would you rate you academic performance ðŸ‘©â€ðŸŽ“?": "4",
    "how would you rate your study load?": "2",
    "How many times a week you practice extracurricular activities ðŸŽ¾?": "1",
    "How would you rate your stress levels?": "1"
  },
  {
    "﻿Timestamp": "28/10/2023 13:42",
    "Kindly Rate your Sleep Quality ðŸ˜´": "3",
    "How many times a week do you suffer headaches ðŸ¤•?": "1",
    "How would you rate you academic performance ðŸ‘©â€ðŸŽ“?": "3",
    "how would you rate your study load?": "2",
    "How many times a week you practice extracurricular activities ðŸŽ¾?": "2",
    "How would you rate your stress levels?": "1"
  },
  {
    "﻿Timestamp": "28/10/2023 13:44",
    "Kindly Rate your Sleep Quality ðŸ˜´": "5",
    "How many times a week do you suffer headaches ðŸ¤•?": "1",
    "How would you rate you academic performance ðŸ‘©â€ðŸŽ“?": "5",
    "how would you rate your study load?": "1",
    "How many times a week you practice extracurricular activities ðŸŽ¾?": "5",
    "How would you rate your stress levels?": "5"
  },
  {
    "﻿Timestamp": "28/10/2023 13:47",
    "Kindly Rate your Sleep Quality ðŸ˜´": "5",
    "How many times a week do you suffer headaches ðŸ¤•?": "5",
    "How would you rate you academic performance ðŸ‘©â€ðŸŽ“?": "5",
    "how would you rate your study load?": "1",
    "How many times a week you practice extracurricular activities ðŸŽ¾?": "1",
    "How would you rate your stress levels?": "1"
  },
  {
    "﻿Timestamp": "28/10/2023 13:52",
    "Kindly Rate your Sleep Quality ðŸ˜´": "2",
    "How many times a week do you suffer headaches ðŸ¤•?": "3",
    "How would you rate you academic performance ðŸ‘©â€ðŸŽ“?": "3",
    "how would you rate your study load?": "1",
    "How many times a week you practice extracurricular activities ðŸŽ¾?": "1",
    "How would you rate your stress levels?": "2"
  },
  {
    "﻿Timestamp": "28/10/2023 13:54",
    "Kindly Rate your Sleep Quality ðŸ˜´": "3",
    "How many times a week do you suffer headaches ðŸ¤•?": "4",
    "How would you rate you academic performance ðŸ‘©â€ðŸŽ“?": "2",
    "how would you rate your study load?": "1",
    "How many times a week you practice extracurricular activities ðŸŽ¾?": "3",
    "How would you rate your stress levels?": "1"
  },
  {
    "﻿Timestamp": "28/10/2023 13:57",
    "Kindly Rate your Sleep Quality ðŸ˜´": "5",
    "How many times a week do you suffer headaches ðŸ¤•?": "1",
    "How would you rate you academic performance ðŸ‘©â€ðŸŽ“?": "3",
    "how would you rate your study load?": "5",
    "How many times a week you practice extracurricular activities ðŸŽ¾?": "5",
    "How would you rate your stress levels?": "5"
  },
  {
    "﻿Timestamp": "28/10/2023 14:09",
    "Kindly Rate your Sleep Quality ðŸ˜´": "5",
    "How many times a week do you suffer headaches ðŸ¤•?": "2",
    "How would you rate you academic performance ðŸ‘©â€ðŸŽ“?": "3",
    "how would you rate your study load?": "2",
    "How many times a week you practice extracurricular activities ðŸŽ¾?": "3",
    "How would you rate your stress levels?": "4"
  },
  {
    "﻿Timestamp": "28/10/2023 14:27",
    "Kindly Rate your Sleep Quality ðŸ˜´": "5",
    "How many times a week do you suffer headaches ðŸ¤•?": "5",
    "How would you rate you academic performance ðŸ‘©â€ðŸŽ“?": "4",
    "how would you rate your study load?": "5",
    "How many times a week you practice extracurricular activities ðŸŽ¾?": "2",
    "How would you rate your stress levels?": "5"
  },
  {
    "﻿Timestamp": "28/10/2023 14:40",
    "Kindly Rate your Sleep Quality ðŸ˜´": "2",
    "How many times a week do you suffer headaches ðŸ¤•?": "3",
    "How would you rate you academic performance ðŸ‘©â€ðŸŽ“?": "4",
    "how would you rate your study load?": "1",
    "How many times a week you practice extracurricular activities ðŸŽ¾?": "2",
    "How would you rate your stress levels?": "2"
  },
  {
    "﻿Timestamp": "28/10/2023 14:58",
    "Kindly Rate your Sleep Quality ðŸ˜´": "4",
    "How many times a week do you suffer headaches ðŸ¤•?": "1",
    "How would you rate you academic performance ðŸ‘©â€ðŸŽ“?": "5",
    "how would you rate your study load?": "4",
    "How many times a week you practice extracurricular activities ðŸŽ¾?": "5",
    "How would you rate your stress levels?": "2"
  },
  {
    "﻿Timestamp": "28/10/2023 15:10",
    "Kindly Rate your Sleep Quality ðŸ˜´": "5",
    "How many times a week do you suffer headaches ðŸ¤•?": "1",
    "How would you rate you academic performance ðŸ‘©â€ðŸŽ“?": "4",
    "how would you rate your study load?": "3",
    "How many times a week you practice extracurricular activities ðŸŽ¾?": "2",
    "How would you rate your stress levels?": "5"
  },
  {
    "﻿Timestamp": "28/10/2023 15:10",
    "Kindly Rate your Sleep Quality ðŸ˜´": "4",
    "How many times a week do you suffer headaches ðŸ¤•?": "1",
    "How would you rate you academic performance ðŸ‘©â€ðŸŽ“?": "1",
    "how would you rate your study load?": "2",
    "How many times a week you practice extracurricular activities ðŸŽ¾?": "4",
    "How would you rate your stress levels?": "5"
  },
  {
    "﻿Timestamp": "28/10/2023 15:39",
    "Kindly Rate your Sleep Quality ðŸ˜´": "3",
    "How many times a week do you suffer headaches ðŸ¤•?": "2",
    "How would you rate you academic performance ðŸ‘©â€ðŸŽ“?": "3",
    "how would you rate your study load?": "1",
    "How many times a week you practice extracurricular activities ðŸŽ¾?": "1",
    "How would you rate your stress levels?": "3"
  },
  {
    "﻿Timestamp": "28/10/2023 16:16",
    "Kindly Rate your Sleep Quality ðŸ˜´": "3",
    "How many times a week do you suffer headaches ðŸ¤•?": "4",
    "How would you rate you academic performance ðŸ‘©â€ðŸŽ“?": "4",
    "how would you rate your study load?": "5",
    "How many times a week you practice extracurricular activities ðŸŽ¾?": "3",
    "How would you rate your stress levels?": "1"
  },
  {
    "﻿Timestamp": "28/10/2023 16:34",
    "Kindly Rate your Sleep Quality ðŸ˜´": "3",
    "How many times a week do you suffer headaches ðŸ¤•?": "1",
    "How would you rate you academic performance ðŸ‘©â€ðŸŽ“?": "4",
    "how would you rate your study load?": "4",
    "How many times a week you practice extracurricular activities ðŸŽ¾?": "4",
    "How would you rate your stress levels?": "3"
  },
  {
    "﻿Timestamp": "28/10/2023 16:55",
    "Kindly Rate your Sleep Quality ðŸ˜´": "4",
    "How many times a week do you suffer headaches ðŸ¤•?": "4",
    "How would you rate you academic performance ðŸ‘©â€ðŸŽ“?": "3",
    "how would you rate your study load?": "2",
    "How many times a week you practice extracurricular activities ðŸŽ¾?": "2",
    "How would you rate your stress levels?": "2"
  },
  {
    "﻿Timestamp": "28/10/2023 17:24",
    "Kindly Rate your Sleep Quality ðŸ˜´": "4",
    "How many times a week do you suffer headaches ðŸ¤•?": "1",
    "How would you rate you academic performance ðŸ‘©â€ðŸŽ“?": "4",
    "how would you rate your study load?": "5",
    "How many times a week you practice extracurricular activities ðŸŽ¾?": "1",
    "How would you rate your stress levels?": "5"
  },
  {
    "﻿Timestamp": "28/10/2023 17:26",
    "Kindly Rate your Sleep Quality ðŸ˜´": "4",
    "How many times a week do you suffer headaches ðŸ¤•?": "2",
    "How would you rate you academic performance ðŸ‘©â€ðŸŽ“?": "3",
    "how would you rate your study load?": "3",
    "How many times a week you practice extracurricular activities ðŸŽ¾?": "5",
    "How would you rate your stress levels?": "4"
  },
  {
    "﻿Timestamp": "28/10/2023 17:29",
    "Kindly Rate your Sleep Quality ðŸ˜´": "2",
    "How many times a week do you suffer headaches ðŸ¤•?": "1",
    "How would you rate you academic performance ðŸ‘©â€ðŸŽ“?": "4",
    "how would you rate your study load?": "4",
    "How many times a week you practice extracurricular activities ðŸŽ¾?": "1",
    "How would you rate your stress levels?": "3"
  },
  {
    "﻿Timestamp": "28/10/2023 17:31",
    "Kindly Rate your Sleep Quality ðŸ˜´": "5",
    "How many times a week do you suffer headaches ðŸ¤•?": "1",
    "How would you rate you academic performance ðŸ‘©â€ðŸŽ“?": "4",
    "how would you rate your study load?": "5",
    "How many times a week you practice extracurricular activities ðŸŽ¾?": "4",
    "How would you rate your stress levels?": "5"
  },
  {
    "﻿Timestamp": "28/10/2023 17:56",
    "Kindly Rate your Sleep Quality ðŸ˜´": "4",
    "How many times a week do you suffer headaches ðŸ¤•?": "1",
    "How would you rate you academic performance ðŸ‘©â€ðŸŽ“?": "3",
    "how would you rate your study load?": "2",
    "How many times a week you practice extracurricular activities ðŸŽ¾?": "5",
    "How would you rate your stress levels?": "4"
  },
  {
    "﻿Timestamp": "28/10/2023 22:33",
    "Kindly Rate your Sleep Quality ðŸ˜´": "2",
    "How many times a week do you suffer headaches ðŸ¤•?": "1",
    "How would you rate you academic performance ðŸ‘©â€ðŸŽ“?": "4",
    "how would you rate your study load?": "4",
    "How many times a week you practice extracurricular activities ðŸŽ¾?": "1",
    "How would you rate your stress levels?": "4"
  },
  {
    "﻿Timestamp": "28/10/2023 23:06",
    "Kindly Rate your Sleep Quality ðŸ˜´": "4",
    "How many times a week do you suffer headaches ðŸ¤•?": "3",
    "How would you rate you academic performance ðŸ‘©â€ðŸŽ“?": "3",
    "how would you rate your study load?": "2",
    "How many times a week you practice extracurricular activities ðŸŽ¾?": "2",
    "How would you rate your stress levels?": "2"
  },
  {
    "﻿Timestamp": "28/10/2023 23:45",
    "Kindly Rate your Sleep Quality ðŸ˜´": "3",
    "How many times a week do you suffer headaches ðŸ¤•?": "3",
    "How would you rate you academic performance ðŸ‘©â€ðŸŽ“?": "4",
    "how would you rate your study load?": "4",
    "How many times a week you practice extracurricular activities ðŸŽ¾?": "4",
    "How would you rate your stress levels?": "3"
  },
  {
    "﻿Timestamp": "29/10/2023 00:32",
    "Kindly Rate your Sleep Quality ðŸ˜´": "1",
    "How many times a week do you suffer headaches ðŸ¤•?": "1",
    "How would you rate you academic performance ðŸ‘©â€ðŸŽ“?": "1",
    "how would you rate your study load?": "2",
    "How many times a week you practice extracurricular activities ðŸŽ¾?": "3",
    "How would you rate your stress levels?": "1"
  },
  {
    "﻿Timestamp": "29/10/2023 11:40",
    "Kindly Rate your Sleep Quality ðŸ˜´": "5",
    "How many times a week do you suffer headaches ðŸ¤•?": "1",
    "How would you rate you academic performance ðŸ‘©â€ðŸŽ“?": "5",
    "how would you rate your study load?": "1",
    "How many times a week you practice extracurricular activities ðŸŽ¾?": "3",
    "How would you rate your stress levels?": "3"
  },
  {
    "﻿Timestamp": "31/10/2023 10:10",
    "Kindly Rate your Sleep Quality ðŸ˜´": "1",
    "How many times a week do you suffer headaches ðŸ¤•?": "1",
    "How would you rate you academic performance ðŸ‘©â€ðŸŽ“?": "5",
    "how would you rate your study load?": "1",
    "How many times a week you practice extracurricular activities ðŸŽ¾?": "5",
    "How would you rate your stress levels?": "1"
  },
  {
    "﻿Timestamp": "31/10/2023 20:49",
    "Kindly Rate your Sleep Quality ðŸ˜´": "3",
    "How many times a week do you suffer headaches ðŸ¤•?": "2",
    "How would you rate you academic performance ðŸ‘©â€ðŸŽ“?": "3",
    "how would you rate your study load?": "2",
    "How many times a week you practice extracurricular activities ðŸŽ¾?": "5",
    "How would you rate your stress levels?": "2"
  }
]